tree_size,mcc_variation
10000,0.027360006828394776
15000,0.018569396872778827
20000,0.018773477830555812
