nmbr_trees,mcc_variation
100,0.020702126365839155
150,0.0225012459201903
200,0.021499509245699964
